/*
Navicat MySQL Data Transfer

Source Server         : local_mysql
Source Server Version : 50640
Source Host           : localhost:3306
Source Database       : athletic

Target Server Type    : MYSQL
Target Server Version : 50640
File Encoding         : 65001

Date: 2019-05-14 09:56:08
*/

SET FOREIGN_KEY_CHECKS=0;

-- ----------------------------
-- Table structure for adminstrator
-- ----------------------------
DROP TABLE IF EXISTS `adminstrator`;
CREATE TABLE `adminstrator` (
  `adminstratorId` varchar(32) NOT NULL,
  `email` varchar(255) DEFAULT NULL,
  `password` varchar(255) DEFAULT NULL,
  `name` varchar(255) DEFAULT NULL,
  `sex` int(11) DEFAULT NULL,
  `roleId` varchar(32) DEFAULT NULL,
  PRIMARY KEY (`adminstratorId`),
  KEY `adminstrator_ibfk_1` (`roleId`),
  CONSTRAINT `adminstrator_ibfk_1` FOREIGN KEY (`roleId`) REFERENCES `role` (`roleId`) ON DELETE CASCADE ON UPDATE SET NULL
) ENGINE=InnoDB DEFAULT CHARSET=utf8;

-- ----------------------------
-- Records of adminstrator
-- ----------------------------
INSERT INTO `adminstrator` VALUES ('C33251F1E4CE4FF191433D619D8984C5', '123@qq.com', '123456', 'admin', '1', 'F10079D3840F4411A324B8DF7483FE3F');

-- ----------------------------
-- Table structure for athlete
-- ----------------------------
DROP TABLE IF EXISTS `athlete`;
CREATE TABLE `athlete` (
  `athleteId` varchar(32) NOT NULL,
  `email` varchar(255) DEFAULT NULL,
  `password` varchar(255) DEFAULT NULL,
  `name` varchar(255) DEFAULT NULL,
  `sex` int(11) DEFAULT NULL,
  `roleId` varchar(32) DEFAULT NULL,
  `athleteTeamId` varchar(32) DEFAULT NULL,
  KEY `roleId` (`roleId`),
  KEY `athleteId` (`athleteId`),
  KEY `athleteTeamId` (`athleteTeamId`),
  CONSTRAINT `athlete_ibfk_1` FOREIGN KEY (`roleId`) REFERENCES `role` (`roleId`) ON DELETE CASCADE,
  CONSTRAINT `athlete_ibfk_2` FOREIGN KEY (`athleteTeamId`) REFERENCES `athleteteam` (`athleteTeamId`) ON DELETE CASCADE
) ENGINE=InnoDB DEFAULT CHARSET=utf8;

-- ----------------------------
-- Records of athlete
-- ----------------------------
INSERT INTO `athlete` VALUES ('4108041CBD7644238F4ADF7129F72D57', '111@qq.com', '123456', 'John', '0', '4E495D120C40434EAF8B103DA6195E7F', '12884F3542444C9A8213CEF8B47F9B28');
INSERT INTO `athlete` VALUES ('90A5927709A94CA782C72E083CAE4C80', '222@qq.com', '123456', 'Amy', '1', '4E495D120C40434EAF8B103DA6195E7F', '31524638A33A41FA91D4B43A46888ECE');
INSERT INTO `athlete` VALUES ('C4FC56B9BC354044A1D257E38C3F03C1', '333@qq.com', '123456', 'Bob', '0', '4E495D120C40434EAF8B103DA6195E7F', 'A52F0632D6024496BBDFB992108888FD');
INSERT INTO `athlete` VALUES ('108D15A59EF8450C96460C52677C43A3', '444@qq.com', '123456', 'Curry', '0', '4E495D120C40434EAF8B103DA6195E7F', 'A52F0632D6024496BBDFB992108888FD');
INSERT INTO `athlete` VALUES ('FE12C28CCC9F459E859B3FB6AEF8C529', '555@qq.com', '123456', 'Kevin', '0', '4E495D120C40434EAF8B103DA6195E7F', 'A52F0632D6024496BBDFB992108888FD');
INSERT INTO `athlete` VALUES ('AC7052BA804D44DDAD1B409B6AC625A2', '666@qq.com', '123456', 'Green', '0', '4E495D120C40434EAF8B103DA6195E7F', '12884F3542444C9A8213CEF8B47F9B28');
INSERT INTO `athlete` VALUES ('E723A678EEFC4C48B50335CFEF786E40', '777@qq.com', '123456', 'Paul', '0', '4E495D120C40434EAF8B103DA6195E7F', '31524638A33A41FA91D4B43A46888ECE');

-- ----------------------------
-- Table structure for athletecompetition
-- ----------------------------
DROP TABLE IF EXISTS `athletecompetition`;
CREATE TABLE `athletecompetition` (
  `athleteId` varchar(32) NOT NULL,
  `competitionId` varchar(32) NOT NULL,
  `competitionStageId` varchar(32) NOT NULL,
  `score` double(32,0) DEFAULT NULL,
  KEY `competitonId` (`competitionId`),
  KEY `competitionStageId` (`competitionStageId`),
  KEY `athleteId` (`athleteId`) USING BTREE,
  CONSTRAINT `athletecompetition_ibfk_1` FOREIGN KEY (`athleteId`) REFERENCES `athlete` (`athleteId`) ON DELETE CASCADE ON UPDATE CASCADE,
  CONSTRAINT `athletecompetition_ibfk_2` FOREIGN KEY (`competitionId`) REFERENCES `competition` (`competitionId`) ON DELETE CASCADE ON UPDATE CASCADE,
  CONSTRAINT `athletecompetition_ibfk_3` FOREIGN KEY (`competitionStageId`) REFERENCES `competitionstage` (`competitionStageId`) ON DELETE CASCADE ON UPDATE CASCADE
) ENGINE=InnoDB DEFAULT CHARSET=utf8;

-- ----------------------------
-- Records of athletecompetition
-- ----------------------------
INSERT INTO `athletecompetition` VALUES ('108D15A59EF8450C96460C52677C43A3', '144C7318EC0F44BCA1762DDD535640C6', 'B47507AE6987430E98BBE646D17350A8', '99');
INSERT INTO `athletecompetition` VALUES ('108D15A59EF8450C96460C52677C43A3', '42F841D4F95E4817A93AF83C08115A22', 'B47507AE6987430E98BBE646D17350A8', '30');
INSERT INTO `athletecompetition` VALUES ('108D15A59EF8450C96460C52677C43A3', '870B08DEFABF4C7EA02DBD1B2ED7A2D2', 'B47507AE6987430E98BBE646D17350A8', '55');
INSERT INTO `athletecompetition` VALUES ('108D15A59EF8450C96460C52677C43A3', 'C73D868E9A58429C97834F22CB871603', 'B47507AE6987430E98BBE646D17350A8', '0');
INSERT INTO `athletecompetition` VALUES ('4108041CBD7644238F4ADF7129F72D57', '42F841D4F95E4817A93AF83C08115A22', 'B47507AE6987430E98BBE646D17350A8', '40');
INSERT INTO `athletecompetition` VALUES ('4108041CBD7644238F4ADF7129F72D57', '870B08DEFABF4C7EA02DBD1B2ED7A2D2', 'B47507AE6987430E98BBE646D17350A8', '65');
INSERT INTO `athletecompetition` VALUES ('4108041CBD7644238F4ADF7129F72D57', 'C73D868E9A58429C97834F22CB871603', 'B47507AE6987430E98BBE646D17350A8', '0');
INSERT INTO `athletecompetition` VALUES ('90A5927709A94CA782C72E083CAE4C80', '42F841D4F95E4817A93AF83C08115A22', 'B47507AE6987430E98BBE646D17350A8', '50');
INSERT INTO `athletecompetition` VALUES ('90A5927709A94CA782C72E083CAE4C80', '73D182A0AE574CFEB11EFE8758E18037', 'B47507AE6987430E98BBE646D17350A8', '0');
INSERT INTO `athletecompetition` VALUES ('90A5927709A94CA782C72E083CAE4C80', '870B08DEFABF4C7EA02DBD1B2ED7A2D2', 'B47507AE6987430E98BBE646D17350A8', '66');
INSERT INTO `athletecompetition` VALUES ('90A5927709A94CA782C72E083CAE4C80', 'C73D868E9A58429C97834F22CB871603', 'B47507AE6987430E98BBE646D17350A8', '0');
INSERT INTO `athletecompetition` VALUES ('AC7052BA804D44DDAD1B409B6AC625A2', '144C7318EC0F44BCA1762DDD535640C6', 'B47507AE6987430E98BBE646D17350A8', '58');
INSERT INTO `athletecompetition` VALUES ('AC7052BA804D44DDAD1B409B6AC625A2', '42F841D4F95E4817A93AF83C08115A22', 'B47507AE6987430E98BBE646D17350A8', '60');
INSERT INTO `athletecompetition` VALUES ('AC7052BA804D44DDAD1B409B6AC625A2', '870B08DEFABF4C7EA02DBD1B2ED7A2D2', 'B47507AE6987430E98BBE646D17350A8', '67');
INSERT INTO `athletecompetition` VALUES ('AC7052BA804D44DDAD1B409B6AC625A2', 'C73D868E9A58429C97834F22CB871603', 'B47507AE6987430E98BBE646D17350A8', '0');
INSERT INTO `athletecompetition` VALUES ('C4FC56B9BC354044A1D257E38C3F03C1', '42F841D4F95E4817A93AF83C08115A22', 'B47507AE6987430E98BBE646D17350A8', '70');
INSERT INTO `athletecompetition` VALUES ('C4FC56B9BC354044A1D257E38C3F03C1', '870B08DEFABF4C7EA02DBD1B2ED7A2D2', 'B47507AE6987430E98BBE646D17350A8', '69');
INSERT INTO `athletecompetition` VALUES ('C4FC56B9BC354044A1D257E38C3F03C1', 'C73D868E9A58429C97834F22CB871603', 'B47507AE6987430E98BBE646D17350A8', '0');
INSERT INTO `athletecompetition` VALUES ('E723A678EEFC4C48B50335CFEF786E40', '144C7318EC0F44BCA1762DDD535640C6', 'B47507AE6987430E98BBE646D17350A8', '57');
INSERT INTO `athletecompetition` VALUES ('E723A678EEFC4C48B50335CFEF786E40', '42F841D4F95E4817A93AF83C08115A22', 'B47507AE6987430E98BBE646D17350A8', '45');
INSERT INTO `athletecompetition` VALUES ('E723A678EEFC4C48B50335CFEF786E40', '870B08DEFABF4C7EA02DBD1B2ED7A2D2', 'B47507AE6987430E98BBE646D17350A8', '88');
INSERT INTO `athletecompetition` VALUES ('E723A678EEFC4C48B50335CFEF786E40', 'C73D868E9A58429C97834F22CB871603', 'B47507AE6987430E98BBE646D17350A8', '0');
INSERT INTO `athletecompetition` VALUES ('FE12C28CCC9F459E859B3FB6AEF8C529', '144C7318EC0F44BCA1762DDD535640C6', 'B47507AE6987430E98BBE646D17350A8', '56');
INSERT INTO `athletecompetition` VALUES ('FE12C28CCC9F459E859B3FB6AEF8C529', '42F841D4F95E4817A93AF83C08115A22', 'B47507AE6987430E98BBE646D17350A8', '44');
INSERT INTO `athletecompetition` VALUES ('FE12C28CCC9F459E859B3FB6AEF8C529', '870B08DEFABF4C7EA02DBD1B2ED7A2D2', 'B47507AE6987430E98BBE646D17350A8', '99');
INSERT INTO `athletecompetition` VALUES ('FE12C28CCC9F459E859B3FB6AEF8C529', 'C73D868E9A58429C97834F22CB871603', 'B47507AE6987430E98BBE646D17350A8', '0');
INSERT INTO `athletecompetition` VALUES ('FE12C28CCC9F459E859B3FB6AEF8C529', '870B08DEFABF4C7EA02DBD1B2ED7A2D2', 'BA28BA6C1D7D421796C39C2BF3F397F8', '66');
INSERT INTO `athletecompetition` VALUES ('E723A678EEFC4C48B50335CFEF786E40', '870B08DEFABF4C7EA02DBD1B2ED7A2D2', 'BA28BA6C1D7D421796C39C2BF3F397F8', '77');
INSERT INTO `athletecompetition` VALUES ('C4FC56B9BC354044A1D257E38C3F03C1', '870B08DEFABF4C7EA02DBD1B2ED7A2D2', 'BA28BA6C1D7D421796C39C2BF3F397F8', '88');
INSERT INTO `athletecompetition` VALUES ('AC7052BA804D44DDAD1B409B6AC625A2', '870B08DEFABF4C7EA02DBD1B2ED7A2D2', 'BA28BA6C1D7D421796C39C2BF3F397F8', '99');
INSERT INTO `athletecompetition` VALUES ('90A5927709A94CA782C72E083CAE4C80', '870B08DEFABF4C7EA02DBD1B2ED7A2D2', 'BA28BA6C1D7D421796C39C2BF3F397F8', '100');
INSERT INTO `athletecompetition` VALUES ('FE12C28CCC9F459E859B3FB6AEF8C529', '144C7318EC0F44BCA1762DDD535640C6', 'B47507AE6987430E98BBE646D17350A8', '56');
INSERT INTO `athletecompetition` VALUES ('E723A678EEFC4C48B50335CFEF786E40', '144C7318EC0F44BCA1762DDD535640C6', 'B47507AE6987430E98BBE646D17350A8', '57');
INSERT INTO `athletecompetition` VALUES ('AC7052BA804D44DDAD1B409B6AC625A2', '144C7318EC0F44BCA1762DDD535640C6', 'B47507AE6987430E98BBE646D17350A8', '58');
INSERT INTO `athletecompetition` VALUES ('108D15A59EF8450C96460C52677C43A3', '144C7318EC0F44BCA1762DDD535640C6', 'B47507AE6987430E98BBE646D17350A8', '99');
INSERT INTO `athletecompetition` VALUES ('108D15A59EF8450C96460C52677C43A3', '144C7318EC0F44BCA1762DDD535640C6', 'BA28BA6C1D7D421796C39C2BF3F397F8', '77');
INSERT INTO `athletecompetition` VALUES ('108D15A59EF8450C96460C52677C43A3', '144C7318EC0F44BCA1762DDD535640C6', 'BA28BA6C1D7D421796C39C2BF3F397F8', '77');
INSERT INTO `athletecompetition` VALUES ('AC7052BA804D44DDAD1B409B6AC625A2', '144C7318EC0F44BCA1762DDD535640C6', 'BA28BA6C1D7D421796C39C2BF3F397F8', '99');
INSERT INTO `athletecompetition` VALUES ('AC7052BA804D44DDAD1B409B6AC625A2', '144C7318EC0F44BCA1762DDD535640C6', 'BA28BA6C1D7D421796C39C2BF3F397F8', '99');
INSERT INTO `athletecompetition` VALUES ('E723A678EEFC4C48B50335CFEF786E40', '144C7318EC0F44BCA1762DDD535640C6', 'BA28BA6C1D7D421796C39C2BF3F397F8', '100');
INSERT INTO `athletecompetition` VALUES ('C4FC56B9BC354044A1D257E38C3F03C1', '42F841D4F95E4817A93AF83C08115A22', 'BA28BA6C1D7D421796C39C2BF3F397F8', '100');
INSERT INTO `athletecompetition` VALUES ('AC7052BA804D44DDAD1B409B6AC625A2', '42F841D4F95E4817A93AF83C08115A22', 'BA28BA6C1D7D421796C39C2BF3F397F8', '100');
INSERT INTO `athletecompetition` VALUES ('90A5927709A94CA782C72E083CAE4C80', '42F841D4F95E4817A93AF83C08115A22', 'BA28BA6C1D7D421796C39C2BF3F397F8', '100');
INSERT INTO `athletecompetition` VALUES ('E723A678EEFC4C48B50335CFEF786E40', '42F841D4F95E4817A93AF83C08115A22', 'BA28BA6C1D7D421796C39C2BF3F397F8', '100');
INSERT INTO `athletecompetition` VALUES ('FE12C28CCC9F459E859B3FB6AEF8C529', '42F841D4F95E4817A93AF83C08115A22', 'BA28BA6C1D7D421796C39C2BF3F397F8', '100');

-- ----------------------------
-- Table structure for athleteteam
-- ----------------------------
DROP TABLE IF EXISTS `athleteteam`;
CREATE TABLE `athleteteam` (
  `athleteTeamId` varchar(32) NOT NULL,
  `name` varchar(255) DEFAULT NULL,
  `school` varchar(255) DEFAULT NULL,
  `totalPoint` int(32) DEFAULT NULL,
  PRIMARY KEY (`athleteTeamId`)
) ENGINE=InnoDB DEFAULT CHARSET=utf8;

-- ----------------------------
-- Records of athleteteam
-- ----------------------------
INSERT INTO `athleteteam` VALUES ('12884F3542444C9A8213CEF8B47F9B28', '勇士', '奥克兰', '10');
INSERT INTO `athleteteam` VALUES ('31524638A33A41FA91D4B43A46888ECE', '火箭', '休斯敦', '10');
INSERT INTO `athleteteam` VALUES ('A52F0632D6024496BBDFB992108888FD', '尼克斯', '纽约', '4');
INSERT INTO `athleteteam` VALUES ('F6551773C328435B8E734B408BC7BDC5', '凯尔特人', '波士顿', '0');

-- ----------------------------
-- Table structure for competition
-- ----------------------------
DROP TABLE IF EXISTS `competition`;
CREATE TABLE `competition` (
  `competitionId` varchar(32) NOT NULL,
  `competitionStageId` varchar(32) DEFAULT NULL,
  `name` varchar(255) DEFAULT NULL,
  `fieldId` varchar(32) DEFAULT NULL,
  `startTime` datetime(6) DEFAULT NULL,
  `endTime` datetime(6) DEFAULT NULL,
  PRIMARY KEY (`competitionId`),
  KEY `competition_ibfk_1` (`competitionStageId`),
  KEY `fieldId` (`fieldId`),
  CONSTRAINT `competition_ibfk_1` FOREIGN KEY (`competitionStageId`) REFERENCES `competitionstage` (`competitionStageId`) ON DELETE CASCADE,
  CONSTRAINT `competition_ibfk_2` FOREIGN KEY (`fieldId`) REFERENCES `competitionfield` (`fieldId`) ON DELETE CASCADE
) ENGINE=InnoDB DEFAULT CHARSET=utf8;

-- ----------------------------
-- Records of competition
-- ----------------------------
INSERT INTO `competition` VALUES ('144C7318EC0F44BCA1762DDD535640C6', 'BA28BA6C1D7D421796C39C2BF3F397F8', '射击', 'D3367DA3425C486885CB58A61769D234', '2019-01-22 12:33:45.000000', '2019-01-30 12:33:45.000000');
INSERT INTO `competition` VALUES ('42F841D4F95E4817A93AF83C08115A22', 'BA28BA6C1D7D421796C39C2BF3F397F8', '冰球', 'E4472FA51E34467E8C1638995400AC6F', '2019-01-17 12:33:45.000000', '2019-01-25 12:33:45.000000');
INSERT INTO `competition` VALUES ('73D182A0AE574CFEB11EFE8758E18037', 'B47507AE6987430E98BBE646D17350A8', '游泳', 'D3367DA3425C486885CB58A61769D234', '2019-01-17 12:33:45.000000', '2019-01-25 12:33:45.000000');
INSERT INTO `competition` VALUES ('870B08DEFABF4C7EA02DBD1B2ED7A2D2', 'BA28BA6C1D7D421796C39C2BF3F397F8', '排球', 'A371827591C845EEB052D853B71633F5', '2019-01-22 12:33:45.000000', '2019-01-30 12:33:45.000000');
INSERT INTO `competition` VALUES ('9781FEEB98C04A2F83E2A417F69B678B', 'B47507AE6987430E98BBE646D17350A8', '击剑', 'D3367DA3425C486885CB58A61769D234', '2019-01-22 12:33:45.000000', '2019-01-30 12:33:45.000000');
INSERT INTO `competition` VALUES ('C73D868E9A58429C97834F22CB871603', 'B47507AE6987430E98BBE646D17350A8', '篮球', '089E75C6D53D42DC8084BDBA3C6E47BA', '2019-01-22 12:33:45.000000', '2019-01-25 12:33:45.000000');

-- ----------------------------
-- Table structure for competitionfield
-- ----------------------------
DROP TABLE IF EXISTS `competitionfield`;
CREATE TABLE `competitionfield` (
  `fieldId` varchar(32) NOT NULL,
  `name` varchar(255) DEFAULT NULL,
  `address` varchar(255) DEFAULT NULL,
  `state` varchar(255) DEFAULT NULL,
  PRIMARY KEY (`fieldId`)
) ENGINE=InnoDB DEFAULT CHARSET=utf8;

-- ----------------------------
-- Records of competitionfield
-- ----------------------------
INSERT INTO `competitionfield` VALUES ('089E75C6D53D42DC8084BDBA3C6E47BA', '丰田中心', '休斯敦', '空闲');
INSERT INTO `competitionfield` VALUES ('A371827591C845EEB052D853B71633F5', '麦迪逊花园', '纽约', '空闲');
INSERT INTO `competitionfield` VALUES ('D3367DA3425C486885CB58A61769D234', '北岸花园球馆', '波士顿', '空闲');
INSERT INTO `competitionfield` VALUES ('E4472FA51E34467E8C1638995400AC6F', '甲骨文球馆', '湾区', '空闲');

-- ----------------------------
-- Table structure for competitionstage
-- ----------------------------
DROP TABLE IF EXISTS `competitionstage`;
CREATE TABLE `competitionstage` (
  `competitionStageId` varchar(32) NOT NULL,
  `state` varchar(128) DEFAULT NULL,
  PRIMARY KEY (`competitionStageId`)
) ENGINE=InnoDB DEFAULT CHARSET=utf8;

-- ----------------------------
-- Records of competitionstage
-- ----------------------------
INSERT INTO `competitionstage` VALUES ('B47507AE6987430E98BBE646D17350A8', '初赛');
INSERT INTO `competitionstage` VALUES ('BA28BA6C1D7D421796C39C2BF3F397F8', '决赛');

-- ----------------------------
-- Table structure for ranking
-- ----------------------------
DROP TABLE IF EXISTS `ranking`;
CREATE TABLE `ranking` (
  `rankingId` varchar(32) NOT NULL,
  `competitionId` varchar(32) DEFAULT NULL,
  `athleteId` varchar(32) NOT NULL,
  `ranking` int(11) DEFAULT NULL,
  PRIMARY KEY (`rankingId`),
  KEY `competitonId` (`competitionId`),
  KEY `athleteId` (`athleteId`),
  CONSTRAINT `ranking_ibfk_1` FOREIGN KEY (`competitionId`) REFERENCES `competition` (`competitionId`) ON DELETE CASCADE,
  CONSTRAINT `ranking_ibfk_2` FOREIGN KEY (`athleteId`) REFERENCES `athlete` (`athleteId`) ON DELETE CASCADE
) ENGINE=InnoDB DEFAULT CHARSET=utf8;

-- ----------------------------
-- Records of ranking
-- ----------------------------
INSERT INTO `ranking` VALUES ('01CB98F6BFE74832850B86799808F9EE', '42F841D4F95E4817A93AF83C08115A22', 'C4FC56B9BC354044A1D257E38C3F03C1', '1');
INSERT INTO `ranking` VALUES ('0216C776EDEB4713A51096B665E893EC', '42F841D4F95E4817A93AF83C08115A22', 'FE12C28CCC9F459E859B3FB6AEF8C529', '5');
INSERT INTO `ranking` VALUES ('097F0E00DF784393B5515F16D491DCF7', '144C7318EC0F44BCA1762DDD535640C6', 'AC7052BA804D44DDAD1B409B6AC625A2', '2');
INSERT INTO `ranking` VALUES ('0C42BCE20C2B48D3BE82721A44923128', '144C7318EC0F44BCA1762DDD535640C6', 'AC7052BA804D44DDAD1B409B6AC625A2', '3');
INSERT INTO `ranking` VALUES ('2A264CEA9E2B4D058AF79EC2A7547E1E', '870B08DEFABF4C7EA02DBD1B2ED7A2D2', 'E723A678EEFC4C48B50335CFEF786E40', '4');
INSERT INTO `ranking` VALUES ('3179D72FBF864306A0F0DE7AACD41933', '42F841D4F95E4817A93AF83C08115A22', 'E723A678EEFC4C48B50335CFEF786E40', '4');
INSERT INTO `ranking` VALUES ('3AB4BC62005142A782FB5EF41A23C8FE', '870B08DEFABF4C7EA02DBD1B2ED7A2D2', '90A5927709A94CA782C72E083CAE4C80', '1');
INSERT INTO `ranking` VALUES ('3B42EA0BB7AD47DC87CE1589415B6E89', '144C7318EC0F44BCA1762DDD535640C6', '108D15A59EF8450C96460C52677C43A3', '4');
INSERT INTO `ranking` VALUES ('4AB20360C6884EBCAF414486EFFAD4F6', '870B08DEFABF4C7EA02DBD1B2ED7A2D2', 'AC7052BA804D44DDAD1B409B6AC625A2', '2');
INSERT INTO `ranking` VALUES ('5B4F7A02243C4E11AE1FDC7163A3746D', '42F841D4F95E4817A93AF83C08115A22', '90A5927709A94CA782C72E083CAE4C80', '3');
INSERT INTO `ranking` VALUES ('60E03FE513AA499D9FC382E510698185', '144C7318EC0F44BCA1762DDD535640C6', 'E723A678EEFC4C48B50335CFEF786E40', '1');
INSERT INTO `ranking` VALUES ('6BA790AAA6E74879BFBBCA3943498CB3', '144C7318EC0F44BCA1762DDD535640C6', 'AC7052BA804D44DDAD1B409B6AC625A2', '3');
INSERT INTO `ranking` VALUES ('7156CF4C25E041FF9B0BB1BEEA5FD1DD', '870B08DEFABF4C7EA02DBD1B2ED7A2D2', 'FE12C28CCC9F459E859B3FB6AEF8C529', '5');
INSERT INTO `ranking` VALUES ('72A4387DD5A442E9ADA2125526E705A4', '144C7318EC0F44BCA1762DDD535640C6', '108D15A59EF8450C96460C52677C43A3', '5');
INSERT INTO `ranking` VALUES ('748CCE94859E4EE18AB6A52CC781E48E', '42F841D4F95E4817A93AF83C08115A22', 'AC7052BA804D44DDAD1B409B6AC625A2', '2');
INSERT INTO `ranking` VALUES ('A079F72D692741EEA526DD02904BB852', '144C7318EC0F44BCA1762DDD535640C6', 'E723A678EEFC4C48B50335CFEF786E40', '1');
INSERT INTO `ranking` VALUES ('BEB51EC097D34BE0B48B9A272588BF2A', '144C7318EC0F44BCA1762DDD535640C6', '108D15A59EF8450C96460C52677C43A3', '5');
INSERT INTO `ranking` VALUES ('DDC664638D3244679C2C430919E36D24', '870B08DEFABF4C7EA02DBD1B2ED7A2D2', 'C4FC56B9BC354044A1D257E38C3F03C1', '3');
INSERT INTO `ranking` VALUES ('FAAE10992D6D476AA4CBEAF0D50B22C4', '144C7318EC0F44BCA1762DDD535640C6', '108D15A59EF8450C96460C52677C43A3', '4');
INSERT INTO `ranking` VALUES ('FE3F716761494B86A3151489AEFA1DEB', '144C7318EC0F44BCA1762DDD535640C6', 'AC7052BA804D44DDAD1B409B6AC625A2', '2');

-- ----------------------------
-- Table structure for referee
-- ----------------------------
DROP TABLE IF EXISTS `referee`;
CREATE TABLE `referee` (
  `refereeId` varchar(32) NOT NULL,
  `email` varchar(255) DEFAULT NULL,
  `password` varchar(255) DEFAULT NULL,
  `name` varchar(255) DEFAULT NULL,
  `sex` int(11) DEFAULT NULL,
  `roleId` varchar(32) DEFAULT NULL,
  PRIMARY KEY (`refereeId`),
  KEY `roleId` (`roleId`),
  CONSTRAINT `referee_ibfk_1` FOREIGN KEY (`roleId`) REFERENCES `role` (`roleId`)
) ENGINE=InnoDB DEFAULT CHARSET=utf8;

-- ----------------------------
-- Records of referee
-- ----------------------------
INSERT INTO `referee` VALUES ('4DB5709BACB24858BE3ABC0A6E5EA664', '123@qq.com', '123456', 'referee', '0', 'A5B522FF23A146DB94D1D16A6D13AD18');

-- ----------------------------
-- Table structure for role
-- ----------------------------
DROP TABLE IF EXISTS `role`;
CREATE TABLE `role` (
  `roleId` varchar(32) NOT NULL,
  `roleName` varchar(128) DEFAULT NULL,
  `authority` int(11) DEFAULT NULL,
  PRIMARY KEY (`roleId`),
  KEY `⁯roleId` (`roleId`)
) ENGINE=InnoDB DEFAULT CHARSET=utf8;

-- ----------------------------
-- Records of role
-- ----------------------------
INSERT INTO `role` VALUES ('4E495D120C40434EAF8B103DA6195E7F', '运动员', '4');
INSERT INTO `role` VALUES ('6A1DAA858C1E4EB1BB612D9939416CA4', '计分员', '2');
INSERT INTO `role` VALUES ('A5B522FF23A146DB94D1D16A6D13AD18', '裁判员', '3');
INSERT INTO `role` VALUES ('F10079D3840F4411A324B8DF7483FE3F', '管理员', '1');

-- ----------------------------
-- Table structure for scoringstaff
-- ----------------------------
DROP TABLE IF EXISTS `scoringstaff`;
CREATE TABLE `scoringstaff` (
  `sId` varchar(32) NOT NULL,
  `email` varchar(255) DEFAULT NULL,
  `password` varchar(255) DEFAULT NULL,
  `name` varchar(255) DEFAULT NULL,
  `sex` int(11) DEFAULT NULL,
  `roleId` varchar(32) DEFAULT NULL,
  PRIMARY KEY (`sId`),
  KEY `roleId` (`roleId`),
  CONSTRAINT `scoringstaff_ibfk_1` FOREIGN KEY (`roleId`) REFERENCES `role` (`roleId`) ON DELETE CASCADE
) ENGINE=InnoDB DEFAULT CHARSET=utf8;

-- ----------------------------
-- Records of scoringstaff
-- ----------------------------
